duplicate_type,original_id,original_name,original_source,duplicate_name,duplicate_source,signature
EXACT_DUPLICATE,95625d71-c912-4c30-81d1-f78caeddb17f,"ATOR","Page 44, Row 3","ATOR","Page 44, Row 4","ator|tablet|40 mg|10|eipico|Egypt"
EXACT_DUPLICATE,61c93477-c116-43b3-885c-5cb55fbee1dd,"Bendex suspension","Page 61, Row 1","Bendex suspension","Page 61, Row 2","bendex suspension|suspension|NO_STR|10|cipla|India"
EXACT_DUPLICATE,d8e8c379-2d20-4a63-8220-f83ef5bdb391,"Betonate","Page 66, Row 4","Betonate","Page 66, Row 6","betonate|cream|0.1 %|15|shaphaco|Yemen"
EXACT_DUPLICATE,effdfdc9-33fa-4faa-8627-28134a6bc47b,"Bisacodyl","Page 72, Row 3","Bisacodyl","Page 72, Row 4","bisacodyl|tablet|NO_STR|105|krka|India"
EXACT_DUPLICATE,40166ed1-f665-4ab0-846a-1186f82bceba,"B-M anticough","Page 75, Row 3","B-M- ANTICOUGH","Page 75, Row 4","b m anticough|syrup|NO_STR|60|bmp|Thailand"
EXACT_DUPLICATE,079e25f3-8631-4bc3-831f-bed798daeec9,"Calcium complete","Page 87, Row 4","Calcium complete","Page 87, Row 5","calcium complete|tablet|NO_STR|30|sona nutrition ltd ireland|Unknown"
EXACT_DUPLICATE,7f9e1a31-32c4-4e42-803c-13cd7044d802,"Dermotan","Page 146, Row 7","Dermotan","Page 147, Row 1","dermotan|other|NO_STR|1|unknown|Unknown"
EXACT_DUPLICATE,54f113d7-62e9-4e57-8d30-76178e368dea,"Dispercam","Page 163, Row 3","Dispercam","Page 163, Row 4","dispercam|other|NO_STR|1|unknown|Unknown"
EXACT_DUPLICATE,54f113d7-62e9-4e57-8d30-76178e368dea,"Dispercam","Page 163, Row 3","Dispercam","Page 163, Row 5","dispercam|other|NO_STR|1|unknown|Unknown"
EXACT_DUPLICATE,fba0cf47-1002-4aed-81be-43b8d5c889f8,"DiVance","Page 164, Row 1","DiVance","Page 164, Row 2","divance|tablet|500 mg|30|y e pharma|Yemen"
EXACT_DUPLICATE,145ac29a-4073-4c81-8a78-b502e067709a,"Dizinil","Page 164, Row 3","Dizinil","Page 164, Row 4","dizinil|tablet|NO_STR|20|julphar|UAE"
EXACT_DUPLICATE,4874b95f-50cd-408a-8c19-a524cf303d57,"Domotil","Page 167, Row 6","Domotil","Page 168, Row 1","domotil|suspension|NO_STR|60|y e pharma|Yemen"
EXACT_DUPLICATE,bb53baae-fa71-4263-8908-0319dfe5490c,"Dwaspasm plus","Page 175, Row 1","Dwaspasm- plus","Page 175, Row 2","dwaspasm plus|tablet|10 mg|20|modern pharama|Yemen"
EXACT_DUPLICATE,c43e79b7-e66f-474c-8711-f49df5905422,"Emeset - 4","Page 180, Row 3","Emeset - 4","Page 180, Row 4","emeset 4|tablet|NO_STR|6|cipla|India"
EXACT_DUPLICATE,36c5bd83-5bb6-4ae5-8882-aafc427fc046,"Esomac 40","Page 190, Row 6","Esomac 40","Page 191, Row 1","esomac 40|tablet|NO_STR|10|cipla|India"
EXACT_DUPLICATE,7bad7204-96fd-4bab-8148-19c7d5851cb2,"euthyrox","Page 194, Row 7","EUTHYROX ???","Page 195, Row 1","euthyrox|other|NO_STR|1|merck|France"
EXACT_DUPLICATE,543222fd-8477-4484-8161-a5d8f8f7f02b,"Farcosolvin","Page 198, Row 7","FARCOSOLVIN","Page 199, Row 1","farcosolvin|syrup|NO_STR|120|pharco|Egypt"
EXACT_DUPLICATE,2c5b342f-5826-4eed-830f-a385e4f3f90a,"Farcotilium","Page 199, Row 2","Farcotilium","Page 199, Row 4","farcotilium|suspension|NO_STR|120|pharco|Egypt"
EXACT_DUPLICATE,84e8ca67-b47f-4197-8123-b36560a5ea69,"FLU OFF","Page 215, Row 1","FLU OFF","Page 215, Row 2","flu off|syrup|15 mg|60|shiba pharma|Yemen"
EXACT_DUPLICATE,386cc329-9ec2-48a5-8958-4f4f4d8f32e6,"Glucoless","Page 244, Row 5","Glucoless","Page 244, Row 6","glucoless|capsule|500 mg|1|shiba pharma|Yemen"
EXACT_DUPLICATE,9f7e7f1b-db6f-4b10-8781-3394f896ca67,"Hexadyl","Page 261, Row 7","Hexadyl","Page 262, Row 1","hexadyl|other|0.2%|1|shiba pharma|Yemen"
EXACT_DUPLICATE,9f7e7f1b-db6f-4b10-8781-3394f896ca67,"Hexadyl","Page 261, Row 7","Hexadyl","Page 262, Row 2","hexadyl|other|0.2%|1|shiba pharma|Yemen"
EXACT_DUPLICATE,5731ac2a-05c9-4e05-82b1-4fd277e4a791,"Hicipro","Page 262, Row 5","Hicipro","Page 262, Row 6","hicipro|other|NO_STR|1|unknown|Unknown"
EXACT_DUPLICATE,ef19b6c7-9d1b-43f5-83d8-507191bd50f4,"Histazin","Page 264, Row 3","HISTAZIN","Page 264, Row 4","histazin|tablet|NO_STR|20|united|Jordan"
EXACT_DUPLICATE,11ce3e51-6e21-4be1-8c71-223590878fe4,"Hydrogen","Page 266, Row 3","Hydrogen","Page 266, Row 4","hydrogen|drops|NO_STR|1|unknown|Unknown"
EXACT_DUPLICATE,756f38d1-af3f-4a95-82d7-7038488237ed,"Hymox","Page 267, Row 2","Hymox","Page 267, Row 3","hymox|capsule|NO_STR|2|spimaco|"
EXACT_DUPLICATE,d9d3de3b-a381-44e8-80ec-482c0c48e028,"Iproid","Page 277, Row 7","Iproid","Page 278, Row 1","iproid|other|NO_STR|1|unknown|Unknown"
EXACT_DUPLICATE,ba6b4e22-3352-4f49-83bd-9f204e19bf37,"Janucare M","Page 282, Row 3","Janucare M","Page 282, Row 4","janucare m|tablet|50 mg|30|y e pharma|Yemen"
EXACT_DUPLICATE,66cbe383-99bd-4da0-8e4d-6cf63727884d,"KETOTIPHEN","Page 290, Row 5","KETOTIPHEN","Page 290, Row 6","ketotiphen|tablet|NO_STR|20|amriya pharma|Egypt"
EXACT_DUPLICATE,b5413fc7-aa1c-414c-890e-328df9e8a835,"Kiddilyte","Page 291, Row 3","Kiddilyte","Page 291, Row 4","kiddilyte|syrup|NO_STR|200|shiba pharma|Yemen"
EXACT_DUPLICATE,1afcb5b6-9402-4880-8987-5b123ab91aba,"Klamoks","Page 293, Row 3","Klamoks","Page 293, Row 4","klamoks|other|NO_STR|1|unknown|Unknown"
EXACT_DUPLICATE,df2e8e0a-5318-4d0f-8f66-441ac2180761,"Klamoks BID","Page 293, Row 6","Klamoks BID","Page 293, Row 7","klamoks bid|other|NO_STR|1|unknown|Unknown"
EXACT_DUPLICATE,f1fda575-674a-455c-8e27-53da4dbcf551,"Librocol","Page 312, Row 4","librocol","Page 312, Row 6","librocol|tablet|NO_STR|30|lagap|Switzerland"
EXACT_DUPLICATE,234eb5ee-1312-447a-8cf4-a78d8322b7f3,"Lindynette","Page 316, Row 4","lindynette","Page 316, Row 5","lindynette|tablet|NO_STR|21|gedeon richter|HUNGARY"
EXACT_DUPLICATE,352085d2-54c2-4dc6-8469-a7856f8fe920,"Mazit","Page 336, Row 4","Mazit","Page 336, Row 5","mazit|other|NO_STR|1|unknown|Unknown"
EXACT_DUPLICATE,57f39381-e9e9-4666-8b5b-426bd232fd4a,"Melocam 15 mg","Page 341, Row 1","Melocam 15 mg","Page 341, Row 2","melocam 15 mg|tablet|15 mg|20|shiba pharma|Yemen"
EXACT_DUPLICATE,7d826459-53d3-462d-87f8-11e9104f24ed,"Mobitil","Page 356, Row 3","Mobitil","Page 356, Row 5","mobitil|injection|15 mg / 1.5 ml|3|mup|Egypt"
EXACT_DUPLICATE,4d233a45-5f2d-4683-85c5-29c5568da446,"Mobitil 15 mg","Page 356, Row 6","Mobitil 15 mg","Page 356, Row 7","mobitil 15 mg|tablet|15 mg|10|mup|Egypt"
EXACT_DUPLICATE,1d66c17c-0e99-4f68-8b77-aca2b4e80565,"Neo_Penotran","Page 374, Row 5","Neo-Penotran","Page 376, Row 7","neo penotran|other|100 mg|14|mega|Thailand"
EXACT_DUPLICATE,6057ddc3-4c8f-4519-8bae-af0d4300ba57,"Pan-procaine penicillin","Page 416, Row 1","Pan-procaine penicillin ??","Page 416, Row 2","pan procaine penicillin|injection|NO_STR|1|pan pharma|France"
EXACT_DUPLICATE,492c69ee-d2e1-47a6-8e48-f98a02421cd1,"Razon 40","Page 457, Row 4","Razon 40","Page 457, Row 5","razon 40|tablet|NO_STR|14|jpm|Jordan"
EXACT_DUPLICATE,c72fe25e-4d05-4c22-831f-1e1b40cc5fef,"Relax","Page 458, Row 3","Relax","Page 458, Row 4","relax|capsule|250 mg|20|alphamoun|Egypt"
EXACT_DUPLICATE,a52c5658-4335-4471-8002-f2753327e73e,"Rfamol cold","Page 465, Row 7","Rfamol Cold","Page 466, Row 1","rfamol cold|tablet|NO_STR|4|rfa|Yemen"
EXACT_DUPLICATE,2ccde7f8-cf6a-43e3-83fd-317cc5667df4,"RFAZET","Page 469, Row 2","Rfazet","Page 469, Row 3","rfazet|tablet|500 mg|20|rfa|Yemen"
EXACT_DUPLICATE,7d3ea001-a1eb-4aaf-888c-8192f982dd51,"Sedalac","Page 485, Row 2","Sedalac","Page 485, Row 4","sedalac|syrup|NO_STR|120|sedico|Egypt"
EXACT_DUPLICATE,e9ea2265-4f8c-4060-83f8-81702a47dfd7,"Serocip - 25","Page 489, Row 5","Serocip - 25","Page 489, Row 6","serocip 25|tablet|25 mg|10|cipla|India"
EXACT_DUPLICATE,315cdd0d-9d72-4c51-8246-934b4aff5b7e,"Solcoseryl","Page 500, Row 7","Solcoseryl","Page 501, Row 3","solcoseryl|ointment|NO_STR|20|meda|Unknown"
EXACT_DUPLICATE,e5b8d88d-cff0-47a5-850f-2b2bb7a93130,"Tegretol 200","Page 522, Row 3","Tegretol 200","Page 522, Row 4","tegretol 200|tablet|NO_STR|50|unknown|Unknown"
EXACT_DUPLICATE,9a410fa8-876d-44ce-8275-562bd2270727,"Tenormin ??","Page 524, Row 3","tenormin ???","Page 524, Row 4","tenormin|tablet|NO_STR|28|astrazenec a|Unknown"
EXACT_DUPLICATE,1503fc16-cce7-46ac-8805-dd3ade9dd784,"Tullin-D","Page 539, Row 4","TULLIN-D","Page 539, Row 5","tullin d|capsule|NO_STR|20|asia|Syria"
EXACT_DUPLICATE,4ed72202-5bc4-489d-8b5b-873e44499f20,"Vagi-Atheer","Page 548, Row 4","Vagi-Atheer","Page 548, Row 5","vagi atheer|syrup|NO_STR|200|atheer|Yemen"
EXACT_DUPLICATE,1015b5c3-3f4b-41d3-8cff-1cd988de29ea,"Ventolin","Page 552, Row 4","Ventolin","Page 552, Row 5","ventolin|tablet|2 mg|100|gsk glaxosmithkline|UK"
EXACT_DUPLICATE,b4e0eef4-f9a7-46a2-808e-4c7ba670edf8,"Vomin","Page 566, Row 4","VOMIN","Page 566, Row 5","vomin|tablet|25 mg|20|modern pharama|Yemen"